,Phrases
0,achieve broad adoption
1,Delivers monthly forecasting reports
2,Manages overall product health
3,leads cross-functional teams
4,leading cross-functional product teams
5,has several safety protocols
6,writing comprehensive product epics
7,working across global markets
8,participate in certain work
9,leading through influence
10,protected by law
11,works with product development teams
12,works with product development
13,grounded in understanding
14,vaccinated against COVID-19
15,experience managing teams
16,organization with demonstrated ability
17,adoption within identified segments
18,Experience developing product roadmaps
19,new increased value
20,responsibility covering product
21,work -related activities
22,Customers make credit
23,clients capturing VOC
24,involve multiple stakeholder teams
25,learning into future launch
26,contributes to post-launch reviews
27,has different business
28,uncover additional customer value
29,project financial budgets
30,providing technical direction
31,working with relevant stakeholders
32,working with technology
33,protected under applicable law
34,drive further customer adoption
35,serves through programs
36,utilizing available studies
37,cross-functional resources
38,Owns post-launch reviews
39,Strong financial acumen
40,needs by creating vision
41,responsibility for setting individual
42,plans of assigned products
43,Experience providing guidance
44,bugs of assigned products
45,individual manages people
46,experience leading project
47,years of demonstrated delivery
48,process by reviewing demos
49,experience in translating business strategy
50,experience in executing world
51,extends to relationships
52,Work with internal engineering team
53,combined with solid business experience
54,given current COVID19 restrictions
55,engage with various stakeholders
56,working across multiple stakeholders
57,Manage executive relationships
58,looking for new ways
59,focus on education
60,make daily choices
61,drive positive social impact
62,developing new capabilities
63,seekers exploring opportunities
64,years of proven success
65,products in consulting projects
66,data driven decisions
67,has several safety protocols
68,exploring new technologies
69,participate in certain work
70,deliver compelling presentations
71,develop creative solutions
72,build new capabilities
73,protected by law
74,vaccinated against COVID-19
75,work with great people
76,hone current skills
77,Break down complex problems
78,overcome complex systems integration
79,based on needs
80,overcome complex systems integration challenges
81,Work with development teams
82,drive successful cross-functional outcomes
83,related additional experience
84,depending on COVID-19 related restrictions
85,related to product development
86,Provide cross-functional leadership
87,build small- to mid-scale software
88,collaborate with stakeholders
89,solving difficult problems
90,based on input
91,products with satisfying user experiences
92,principles to developing marketing technology
93,excitement for seeing software products
94,clients mitigate risk
95,power of emerging technologies
96,principles to developing marketing technology solutions
97,plans into phased actions
98,evaluate potential new product opportunities
99,Leads new product introduction process
100,Ensuring effective cross-functional collaboration
101,monitoring key component lifecycles
102,Leads new product introduction
103,work with finance
104,associated ongoing professional service offerings
105,report key metrics
106,working with solution architects
107,working in computer manufacturing
108,incorporate key technologies
109,Experience in managed services
110,finance on establishing product
111,dealing with systematic biases
112,talking to influencers
113,create novel algorithms
114,based on customer needs
115,considered in substitution
116,drive positive financial outcomes
117,deal with work problems
118,owned Retail platform
119,using collaborative relationships
120,defining future product direction
121,required in engineering
122,Drive positive financial outcomes
123,lead new vendor relationships
124,Generating innovative solutions
125,providing cross-functional support
126,develop new lines
127,coordinating with technology teams
128,driving new revenue
129,pursuit of improved enterprise
130,teams including GameStop
131,influence without authority
132,deliver digital features
133,bring multiple partners
134,break down big problems
135,continuing professional development
136,go to market strategy
137,Build scalable architecture
138,design innovative conversational experiences
139,Use excellent judgment
140,allowing other teams
141,maintaining overall conversation quality
142,existing versus new features
143,including executive stakeholders
144,leadership in developing partner
145,experience in leading product management teams
146,environment with competing priorities
147,experience in leading product management
148,working with loyalty programs
149,deliver against goals
150,providing actionable feedback
151,vision using data
152,experience leading product managers
153,come from technical roles
154,keep up to date
155,solving complex problems
156,have big plans
157,ensuring appropriate coverage
158,practice active listening
159,expanding hybrid IT leader
160,react to trends
161,expanding Cloud business
162,stakeholders manage ambiguity
163,balance on creating value
164,lot of moving parts
165,achieve greater business success
166,capture key market dynamics
167,collaborating with cross-functional teams
168,working under pressure
169,performing comprehensive market analyses
170,desire competitive compensation
171,partnering across functional groups
172,using strong leadership
173,synthesize against goals
174,diagnose monthly product performance metrics
175,facilitating compelling presentations
176,spoken English communication skills
177,listen to multiple points
178,handle multiple tasks
179,shows sound judgment
180,diagnose monthly product performance
181,activate corrective plans
182,assessing operational planning
183,industry thought leader
184,success by providing solutions
185,portfolio of assigned services
186,strategy by understanding client needs
187,sales by conducting training
188,offerings by leading go
189,aptitude for assisting deal teams
190,solutions serving America
191,achieve greater business success
192,capture key market dynamics
193,collaborating with cross-functional teams
194,working under pressure
195,performing comprehensive market analyses
196,desire competitive compensation
197,partnering across functional groups
198,using strong leadership
199,synthesize against goals
200,diagnose monthly product performance metrics
201,facilitating compelling presentations
202,spoken English communication skills
203,listen to multiple points
204,handle multiple tasks
205,shows sound judgment
206,diagnose monthly product performance
207,activate corrective plans
208,assessing operational planning
209,industry thought leader
210,success by providing solutions
211,portfolio of assigned services
212,strategy by understanding client needs
213,sales by conducting training
214,offerings by leading go
215,aptitude for assisting deal teams
216,solutions serving America
217,facilitating compelling presentations
218,shows sound judgment
219,delivers real value
220,handle multiple tasks
221,achieve greater business success
222,diagnose monthly product performance metrics
223,activate corrective plans
224,assessing operational planning
225,capture key market dynamics
226,working under pressure
227,performing comprehensive market analyses
228,partnering across functional groups
229,collaborating with cross-functional teams
230,diagnose monthly product performance
231,desire competitive compensation
232,synthesize against goals
233,using strong leadership
234,spoken English communication skills
235,listen to multiple points
236,industry thought leader
237,success by providing solutions
238,portfolio of assigned services
239,strategy by understanding client needs
240,sales by conducting training
241,offerings by leading go
242,aptitude for assisting deal teams
243,solutions serving America
244,achieve greater business success
245,capture key market dynamics
246,collaborating with cross-functional teams
247,working under pressure
248,performing comprehensive market analyses
249,desire competitive compensation
250,partnering across functional groups
251,using strong leadership
252,synthesize against goals
253,diagnose monthly product performance metrics
254,facilitating compelling presentations
255,spoken English communication skills
256,listen to multiple points
257,handle multiple tasks
258,shows sound judgment
259,diagnose monthly product performance
260,activate corrective plans
261,assessing operational planning
262,industry thought leader
263,success by providing solutions
264,portfolio of assigned services
265,strategy by understanding client needs
266,sales by conducting training
267,offerings by leading go
268,aptitude for assisting deal teams
269,solutions serving America
270,achieve greater business success
271,capture key market dynamics
272,collaborating with cross-functional teams
273,working under pressure
274,performing comprehensive market analyses
275,desire competitive compensation
276,partnering across functional groups
277,using strong leadership
278,synthesize against goals
279,diagnose monthly product performance metrics
280,facilitating compelling presentations
281,spoken English communication skills
282,listen to multiple points
283,handle multiple tasks
284,shows sound judgment
285,diagnose monthly product performance
286,activate corrective plans
287,assessing operational planning
288,industry thought leader
289,success by providing solutions
290,portfolio of assigned services
291,strategy by understanding client needs
292,sales by conducting training
293,offerings by leading go
294,aptitude for assisting deal teams
295,solutions serving America
296,achieve greater business success
297,capture key market dynamics
298,collaborating with cross-functional teams
299,working under pressure
300,performing comprehensive market analyses
301,desire competitive compensation
302,partnering across functional groups
303,using strong leadership
304,synthesize against goals
305,diagnose monthly product performance metrics
306,facilitating compelling presentations
307,spoken English communication skills
308,listen to multiple points
309,handle multiple tasks
310,shows sound judgment
311,diagnose monthly product performance
312,activate corrective plans
313,assessing operational planning
314,industry thought leader
315,success by providing solutions
316,portfolio of assigned services
317,strategy by understanding client needs
318,sales by conducting training
319,offerings by leading go
320,aptitude for assisting deal teams
321,solutions serving America
322,achieve greater business success
323,capture key market dynamics
324,collaborating with cross-functional teams
325,working under pressure
326,performing comprehensive market analyses
327,desire competitive compensation
328,partnering across functional groups
329,using strong leadership
330,synthesize against goals
331,diagnose monthly product performance metrics
332,facilitating compelling presentations
333,spoken English communication skills
334,listen to multiple points
335,handle multiple tasks
336,shows sound judgment
337,diagnose monthly product performance
338,activate corrective plans
339,assessing operational planning
340,industry thought leader
341,success by providing solutions
342,portfolio of assigned services
343,strategy by understanding client needs
344,sales by conducting training
345,offerings by leading go
346,aptitude for assisting deal teams
347,solutions serving America
348,identifying new business opportunities
349,rely on experience
350,balancing many different projects
351,delivering new software products
352,ensure efficient operation
353,based on workload
354,communicate new product development
355,Work with multiple departments
356,meeting key business metrics
357,maintain key relationships
358,interact with technical resources
359,understanding technical information
360,Requires excellent skills
361,developing new products
362,assist with sales opportunities
363,participate in panel discussions
364,Obtain relevant customer
365,targeted strategic partners
366,interacting with sales
367,follow best practices
368,process by translating user testing
369,goals for assigned solution sets
370,ensure successful uptake
371,develop appropriate change management strategy
372,analyze complex data
373,demonstrated strong leadership skills
374,manage multiple products
375,providing consistent coaching
376,held religious belief
377,Collaborate with product leadership
378,develop appropriate change management
379,drive real change
380,role include understanding business strategies
381,processes enable teams
382,lives by making healthcare
383,change by transforming healthcare
384,achieve broad adoption
385,Delivers monthly forecasting reports
386,Manages overall product health
387,leads cross-functional teams
388,leading cross-functional product teams
389,has several safety protocols
390,writing comprehensive product epics
391,working across global markets
392,participate in certain work
393,leading through influence
394,protected by law
395,works with product development teams
396,works with product development
397,grounded in understanding
398,vaccinated against COVID-19
399,experience managing teams
400,organization with demonstrated ability
401,adoption within identified segments
402,Experience developing product roadmaps
403,new increased value
404,responsibility covering product
405,work -related activities
406,Customers make credit
407,clients capturing VOC
408,involve multiple stakeholder teams
409,learning into future launch
410,contributes to post-launch reviews
411,has different business
412,uncover additional customer value
413,project financial budgets
414,providing technical direction
415,working with relevant stakeholders
416,working with technology
417,protected under applicable law
418,drive further customer adoption
419,serves through programs
420,utilizing available studies
421,cross-functional resources
422,Owns post-launch reviews
423,Strong financial acumen
424,needs by creating vision
425,responsibility for setting individual
426,plans of assigned products
427,Experience providing guidance
428,bugs of assigned products
429,individual manages people
430,experience leading project
431,years of demonstrated delivery
432,process by reviewing demos
433,experience in translating business strategy
434,experience in executing world
435,extends to relationships
436,Work with internal engineering team
437,combined with solid business experience
438,given current COVID19 restrictions
439,engage with various stakeholders
440,working across multiple stakeholders
441,Manage executive relationships
442,looking for new ways
443,focus on education
444,make daily choices
445,drive positive social impact
446,developing new capabilities
447,seekers exploring opportunities
448,years of proven success
449,products in consulting projects
450,data driven decisions
451,has several safety protocols
452,exploring new technologies
453,participate in certain work
454,deliver compelling presentations
455,develop creative solutions
456,build new capabilities
457,protected by law
458,vaccinated against COVID-19
459,work with great people
460,hone current skills
461,Break down complex problems
462,overcome complex systems integration
463,based on needs
464,overcome complex systems integration challenges
465,Work with development teams
466,drive successful cross-functional outcomes
467,related additional experience
468,depending on COVID-19 related restrictions
469,related to product development
470,Provide cross-functional leadership
471,build small- to mid-scale software
472,collaborate with stakeholders
473,solving difficult problems
474,based on input
475,products with satisfying user experiences
476,principles to developing marketing technology
477,excitement for seeing software products
478,clients mitigate risk
479,power of emerging technologies
480,principles to developing marketing technology solutions
481,plans into phased actions
482,evaluate potential new product opportunities
483,Leads new product introduction process
484,Ensuring effective cross-functional collaboration
485,monitoring key component lifecycles
486,Leads new product introduction
487,work with finance
488,associated ongoing professional service offerings
489,report key metrics
490,working with solution architects
491,working in computer manufacturing
492,incorporate key technologies
493,Experience in managed services
494,finance on establishing product
495,dealing with systematic biases
496,talking to influencers
497,create novel algorithms
498,based on customer needs
499,considered in substitution
500,drive positive financial outcomes
501,deal with work problems
502,owned Retail platform
503,using collaborative relationships
504,defining future product direction
505,required in engineering
506,Drive positive financial outcomes
507,lead new vendor relationships
508,Generating innovative solutions
509,providing cross-functional support
510,develop new lines
511,coordinating with technology teams
512,driving new revenue
513,pursuit of improved enterprise
514,teams including GameStop
515,influence without authority
516,deliver digital features
517,bring multiple partners
518,break down big problems
519,continuing professional development
520,go to market strategy
521,Build scalable architecture
522,design innovative conversational experiences
523,Use excellent judgment
524,allowing other teams
525,maintaining overall conversation quality
526,existing versus new features
527,including executive stakeholders
528,leadership in developing partner
529,experience in leading product management teams
530,environment with competing priorities
531,experience in leading product management
532,working with loyalty programs
533,deliver against goals
534,providing actionable feedback
535,vision using data
536,experience leading product managers
537,come from technical roles
538,keep up to date
539,solving complex problems
540,have big plans
541,ensuring appropriate coverage
542,practice active listening
543,expanding hybrid IT leader
544,react to trends
545,expanding Cloud business
546,stakeholders manage ambiguity
547,balance on creating value
548,lot of moving parts
549,achieve greater business success
550,capture key market dynamics
551,collaborating with cross-functional teams
552,working under pressure
553,performing comprehensive market analyses
554,desire competitive compensation
555,partnering across functional groups
556,using strong leadership
557,synthesize against goals
558,diagnose monthly product performance metrics
559,facilitating compelling presentations
560,spoken English communication skills
561,listen to multiple points
562,handle multiple tasks
563,shows sound judgment
564,diagnose monthly product performance
565,activate corrective plans
566,assessing operational planning
567,industry thought leader
568,success by providing solutions
569,portfolio of assigned services
570,strategy by understanding client needs
571,sales by conducting training
572,offerings by leading go
573,aptitude for assisting deal teams
574,solutions serving America
575,achieve greater business success
576,capture key market dynamics
577,collaborating with cross-functional teams
578,working under pressure
579,performing comprehensive market analyses
580,desire competitive compensation
581,partnering across functional groups
582,using strong leadership
583,synthesize against goals
584,diagnose monthly product performance metrics
585,facilitating compelling presentations
586,spoken English communication skills
587,listen to multiple points
588,handle multiple tasks
589,shows sound judgment
590,diagnose monthly product performance
591,activate corrective plans
592,assessing operational planning
593,industry thought leader
594,success by providing solutions
595,portfolio of assigned services
596,strategy by understanding client needs
597,sales by conducting training
598,offerings by leading go
599,aptitude for assisting deal teams
600,solutions serving America
601,facilitating compelling presentations
602,shows sound judgment
603,delivers real value
604,handle multiple tasks
605,achieve greater business success
606,diagnose monthly product performance metrics
607,activate corrective plans
608,assessing operational planning
609,capture key market dynamics
610,working under pressure
611,performing comprehensive market analyses
612,partnering across functional groups
613,collaborating with cross-functional teams
614,diagnose monthly product performance
615,desire competitive compensation
616,synthesize against goals
617,using strong leadership
618,spoken English communication skills
619,listen to multiple points
620,industry thought leader
621,success by providing solutions
622,portfolio of assigned services
623,strategy by understanding client needs
624,sales by conducting training
625,offerings by leading go
626,aptitude for assisting deal teams
627,solutions serving America
628,achieve greater business success
629,capture key market dynamics
630,collaborating with cross-functional teams
631,working under pressure
632,performing comprehensive market analyses
633,desire competitive compensation
634,partnering across functional groups
635,using strong leadership
636,synthesize against goals
637,diagnose monthly product performance metrics
638,facilitating compelling presentations
639,spoken English communication skills
640,listen to multiple points
641,handle multiple tasks
642,shows sound judgment
643,diagnose monthly product performance
644,activate corrective plans
645,assessing operational planning
646,industry thought leader
647,success by providing solutions
648,portfolio of assigned services
649,strategy by understanding client needs
650,sales by conducting training
651,offerings by leading go
652,aptitude for assisting deal teams
653,solutions serving America
654,achieve greater business success
655,capture key market dynamics
656,collaborating with cross-functional teams
657,working under pressure
658,performing comprehensive market analyses
659,desire competitive compensation
660,partnering across functional groups
661,using strong leadership
662,synthesize against goals
663,diagnose monthly product performance metrics
664,facilitating compelling presentations
665,spoken English communication skills
666,listen to multiple points
667,handle multiple tasks
668,shows sound judgment
669,diagnose monthly product performance
670,activate corrective plans
671,assessing operational planning
672,industry thought leader
673,success by providing solutions
674,portfolio of assigned services
675,strategy by understanding client needs
676,sales by conducting training
677,offerings by leading go
678,aptitude for assisting deal teams
679,solutions serving America
680,achieve greater business success
681,capture key market dynamics
682,collaborating with cross-functional teams
683,working under pressure
684,performing comprehensive market analyses
685,desire competitive compensation
686,partnering across functional groups
687,using strong leadership
688,synthesize against goals
689,diagnose monthly product performance metrics
690,facilitating compelling presentations
691,spoken English communication skills
692,listen to multiple points
693,handle multiple tasks
694,shows sound judgment
695,diagnose monthly product performance
696,activate corrective plans
697,assessing operational planning
698,industry thought leader
699,success by providing solutions
700,portfolio of assigned services
701,strategy by understanding client needs
702,sales by conducting training
703,offerings by leading go
704,aptitude for assisting deal teams
705,solutions serving America
706,achieve greater business success
707,capture key market dynamics
708,collaborating with cross-functional teams
709,working under pressure
710,performing comprehensive market analyses
711,desire competitive compensation
712,partnering across functional groups
713,using strong leadership
714,synthesize against goals
715,diagnose monthly product performance metrics
716,facilitating compelling presentations
717,spoken English communication skills
718,listen to multiple points
719,handle multiple tasks
720,shows sound judgment
721,diagnose monthly product performance
722,activate corrective plans
723,assessing operational planning
724,industry thought leader
725,success by providing solutions
726,portfolio of assigned services
727,strategy by understanding client needs
728,sales by conducting training
729,offerings by leading go
730,aptitude for assisting deal teams
731,solutions serving America
732,identifying new business opportunities
733,rely on experience
734,balancing many different projects
735,delivering new software products
736,ensure efficient operation
737,based on workload
738,communicate new product development
739,Work with multiple departments
740,meeting key business metrics
741,maintain key relationships
742,interact with technical resources
743,understanding technical information
744,Requires excellent skills
745,developing new products
746,assist with sales opportunities
747,participate in panel discussions
748,Obtain relevant customer
749,targeted strategic partners
750,interacting with sales
751,follow best practices
752,process by translating user testing
753,goals for assigned solution sets
754,ensure successful uptake
755,develop appropriate change management strategy
756,analyze complex data
757,demonstrated strong leadership skills
758,manage multiple products
759,providing consistent coaching
760,held religious belief
761,Collaborate with product leadership
762,develop appropriate change management
763,drive real change
764,role include understanding business strategies
765,processes enable teams
766,lives by making healthcare
767,change by transforming healthcare
768,offers competitive pay
769,dictates various processes
770,defining architectural direction
771,act as adviser
772,have good experience
773,architect innovative solutions
774,deliver complex technology solutions
775,Demonstrated executive presence
776,handling multiple projects
777,burning natural gas service
778,adhered to in accordance
779,requires excellent client services
780,Work on cross-functional projects
781,catering to cross-technology integrations
782,growing natural gas utility
783,responsibility for achieving goals
784,degree in related field
785,team means embracing excellence
786,pay including pay
787,experience using ABAP
788,ecosystem meet defined Enterprise Architecture
789,ensuring best practices
790,aligned with company
791,work with customers
792,Evaluate potential new applications
793,Participates on engagements
794,related to practice area
795,involving multiple software components
796,use keen business process
797,Drive best practice business
798,Drive best practice business processes
799,use keen business process understanding
800,have primary responsibility
801,meet dynamic market demands
802,Work on billable customer engagements
803,supporting dynamic business needs
804,propose strategic solution
805,project within recommended solution framework
806,responsibility for managing resource growth
807,engineers supporting production applications
808,mitigate architectural risks
809,leads to better teamwork
810,create suitable software architectures
811,provide better customer experiences
812,act with integrity
813,ensuring effective awareness
814,skills with good interpersonal skills
815,supported by standard patterns
816,mentoring to development teams
817,paced agile delivery environment
818,describe non-functional requirements
819,delivering great service
820,supports reusable application components
821,required in completion
822,walk for extended periods
823,building successful relationships
824,collaborate with senior leaders
825,building new cloud native capabilities
826,spend long periods
827,admired for national strength
828,creating practical solution architectures
829,existing reusable service components
830,collaborate with other architect
831,enabling key transformational initiatives
832,implemented by project teams
833,Leverages existing capabilities
834,consumer facing solutions
835,positions require applicants
836,experience building consumer
837,microservices using REST
838,streaming using Kafka
839,banners including Albertsons
840,Demonstrated strong analytical acumen
841,delivering high quality software
842,ensure successful technical project delivery
843,communicate complex ideas
844,Apply strategic thinking
845,delivering critical services
846,Provide specialized expertise
847,Support technical escalations
848,resolve technical issues
849,providing technical expertise
850,accommodate special meeting requests
851,providing best practices
852,coaching junior teammates
853,protected by law
854,provide expert technical knowledge
855,vaccinated against COVID-19
856,thought with action
857,participate in certain work
858,have strong advisory
859,understand technical requirements
860,work with great people
861,troubleshoot technical issues
862,adapt to new skills
863,engender effective contribution
864,learn new things
865,troubleshooting with software applications
866,has several safety protocols
867,working on multiple projects
868,value added services
869,mitigate Architectural risks
870,leads to better teamwork
871,creating best in class
872,existing reusable service components
873,create suitable software architectures
874,building successful relationships
875,Provide technical leadership
876,skills with good interpersonal skills
877,approaches to enterprise architects
878,facing digital applications space
879,describe non-functional requirements
880,execute on digital transformation strategies
881,supports reusable application components
882,consumer facing solutions
883,service oriented attitude
884,decision making skills
885,experience building consumer
886,date on cutting edge technologies
887,strategy supporting Safeway
888,ensure comprehensive cloud capabilities
889,support various cloud native
890,leveraged across business
891,set clear objectives
892,leading technical project teams
893,specializes in cloud solution design
894,delivering with excellence
895,adopting new technology
896,offered on cloud platforms
897,specializes in cloud solution
898,developed with input
899,deliver innovative business outcomes
900,partnering with business
901,building organizational partnerships
902,focused on technology
903,experience setting project vision
904,delivery of managed IT services
905,Experience leading delivery
906,business by transforming IT finance
907,solutions follow established security
908,contributing to cloud
909,Identify new tools
910,Provide technical leadership
911,Lead technical discussions
912,focus on delivery
913,automate everyday developer
914,spend through automation
915,Build new automation
916,share new ideas
917,bring fresh perspective
918,collaborate on projects
919,designed for impact
920,based on client requirements
921,work within constructs
922,environments using Azure
923,standing up cloud solution environments
924,plans for system
925,document technical designs
926,brings fresh perspective
927,designed for impact
928,consists of engineers
929,standing up cloud solution
930,cloud computing infrastructure
931,clients anticipate disruption
932,communicate meaningful information
933,recommending specific technologies
934,suspended until further notice
935,delivering with excellence
936,Work with software architects
937,communicating complex technical concepts
938,implemented in accordance
939,partnering with architects
940,defining technical solutions
941,focusing on high volume
942,focused on technology
943,services including relational
944,practices by conducting POCs
945,portfolio includes web
946,experience using industry
947,skills including workflows
948,environments including application dependencies
949,energy trusted advisor
950,mentor junior staff
951,works with clients
952,ensure high quality delivery
953,utilizing current vendor solution capabilities
954,utilizing current vendor solution
955,manage multiple task assignments
956,managing large technology engagements
957,exercise mature judgment
958,shift from foundational delivery
959,collaborating with CIOs
960,providing best practice
961,suspended until further notice
962,part of integrated solution
963,specialists help organizations
964,clients drive alignment
965,Experience managing teams
966,Demonstrated strong analytical acumen
967,delivering high quality software
968,ensure successful technical project delivery
969,communicate complex ideas
970,Apply strategic thinking
971,Provide specialized expertise
972,Support technical escalations
973,resolve technical issues
974,accommodate special meeting requests
975,providing best practices
976,coaching junior teammates
977,protected by law
978,vaccinated against COVID-19
979,thought with action
980,provide technical leadership
981,participate in certain work
982,have strong advisory
983,understand technical requirements
984,work with great people
985,troubleshoot technical issues
986,adapt to new skills
987,engender effective contribution
988,learn new things
989,troubleshooting with software applications
990,has several safety protocols
991,working on multiple projects
992,has several safety protocols
993,exploring new technologies
994,vaccinated against COVID-19
995,communicate with senior executives
996,participate in certain work
997,collaborate in domain
998,build new capabilities
999,protected by law
1000,invest in strategic modernization
1001,engage with vendors
1002,work with great people
1003,hone current skills
1004,experience delivering solutions
1005,scale distributed systems principles
1006,identify right technologies
1007,required by law
1008,Familiar with integrations
1009,limited to skill sets
1010,takes into account
1011,looking for talented individuals
1012,based on client
1013,drive profitable revenue
1014,manage multiple pursuits
1015,figure out scalable solutions
1016,roadmap of existing enterprise platforms
1017,enabling new features
1018,providing technical solution architecture
1019,building large scale application
1020,building large scale application deployments
1021,support expansive advancement
1022,Work with enterprise
1023,participate in certain work
1024,supported by flexible benefits
1025,Paid parental leave
1026,protected by law
1027,working with multiple integrations type
1028,vary by region
1029,optimizing strategic solutions
1030,has several safety protocols
1031,vaccinated against COVID-19
1032,Provide technical mentoring
1033,experience in developing APIs
1034,communicate meaningful information
1035,recommending specific technologies
1036,suspended until further notice
1037,delivering with excellence
1038,communicating complex technical concepts
1039,implemented in accordance
1040,partnering with architects
1041,defining technical solutions
1042,focusing on high volume
1043,focused on technology
1044,services including relational
1045,skills including workflows
1046,energy trusted advisor
1047,experience using industry
1048,Jump into incidents
1049,meet mutual goals
1050,creating Connected Car platform
1051,arrive at consensus
1052,influence technical teams
1053,ensures essential artifacts
1054,drill down into technical specifics
1055,update with respect
1056,create essential architectural artifacts
1057,work with business
1058,acquire full responsibilities
1059,reviewed with stakeholders
1060,creating Connected Car platform architecture
1061,system with cutting edge technologies
1062,cloud based application architectures
1063,initiatives involving Internet
1064,systems using Apache Hadoop
1065,have valid work authorization
1066,unleashing human energy
1067,consider reasonable accommodations
1068,recruit more women
1069,Work with business partners
1070,build diverse teams
1071,partnering with companies
1072,protected by law
1073,working with talented individuals
1074,future require sponsorship
1075,adherence to defined development life
1076,adherence to defined development life cycle
1077,Participate in project planning
1078,related to data systems
1079,Drive operational efficiency
1080,liaise with key business partners
1081,ranging from systems designers
1082,exercise mature judgment
1083,share new ideas
1084,suspended until further notice
1085,Experience defining data governance
1086,ecosystems including data management
1087,insights leveraging cloud
1088,experience in configuring entity base
1089,experience in configuring entity base objects
1090,Experience defining data governance stewardship
1091,profiles using hierarchy tool
1092,implementations including master data
1093,Participate in project planning
1094,related to data systems
1095,Drive operational efficiency
1096,liaise with key business partners
1097,ranging from systems designers
1098,exercise mature judgment
1099,share new ideas
1100,suspended until further notice
1101,Experience defining data governance
1102,ecosystems including data management
1103,insights leveraging cloud
1104,experience in configuring entity base
1105,experience in configuring entity base objects
1106,Experience defining data governance stewardship
1107,profiles using hierarchy tool
1108,implementations including master data
1109,offers competitive pay
1110,dictates various processes
1111,defining architectural direction
1112,act as adviser
1113,have good experience
1114,architect innovative solutions
1115,deliver complex technology solutions
1116,Demonstrated executive presence
1117,handling multiple projects
1118,burning natural gas service
1119,adhered to in accordance
1120,requires excellent client services
1121,Work on cross-functional projects
1122,catering to cross-technology integrations
1123,growing natural gas utility
1124,responsibility for achieving goals
1125,degree in related field
1126,team means embracing excellence
1127,pay including pay
1128,experience using ABAP
1129,ecosystem meet defined Enterprise Architecture
1130,ensuring best practices
1131,aligned with company
1132,work with customers
1133,Evaluate potential new applications
1134,Participates on engagements
1135,related to practice area
1136,involving multiple software components
1137,use keen business process
1138,Drive best practice business
1139,Drive best practice business processes
1140,use keen business process understanding
1141,have primary responsibility
1142,meet dynamic market demands
1143,Work on billable customer engagements
1144,supporting dynamic business needs
1145,propose strategic solution
1146,project within recommended solution framework
1147,responsibility for managing resource growth
1148,engineers supporting production applications
1149,mitigate architectural risks
1150,leads to better teamwork
1151,create suitable software architectures
1152,provide better customer experiences
1153,act with integrity
1154,ensuring effective awareness
1155,skills with good interpersonal skills
1156,supported by standard patterns
1157,mentoring to development teams
1158,paced agile delivery environment
1159,describe non-functional requirements
1160,delivering great service
1161,supports reusable application components
1162,required in completion
1163,walk for extended periods
1164,building successful relationships
1165,collaborate with senior leaders
1166,building new cloud native capabilities
1167,spend long periods
1168,admired for national strength
1169,creating practical solution architectures
1170,existing reusable service components
1171,collaborate with other architect
1172,enabling key transformational initiatives
1173,implemented by project teams
1174,Leverages existing capabilities
1175,consumer facing solutions
1176,positions require applicants
1177,experience building consumer
1178,microservices using REST
1179,streaming using Kafka
1180,banners including Albertsons
1181,Demonstrated strong analytical acumen
1182,delivering high quality software
1183,ensure successful technical project delivery
1184,communicate complex ideas
1185,Apply strategic thinking
1186,delivering critical services
1187,Provide specialized expertise
1188,Support technical escalations
1189,resolve technical issues
1190,providing technical expertise
1191,accommodate special meeting requests
1192,providing best practices
1193,coaching junior teammates
1194,protected by law
1195,provide expert technical knowledge
1196,vaccinated against COVID-19
1197,thought with action
1198,participate in certain work
1199,have strong advisory
1200,understand technical requirements
1201,work with great people
1202,troubleshoot technical issues
1203,adapt to new skills
1204,engender effective contribution
1205,learn new things
1206,troubleshooting with software applications
1207,has several safety protocols
1208,working on multiple projects
1209,value added services
1210,mitigate Architectural risks
1211,leads to better teamwork
1212,creating best in class
1213,existing reusable service components
1214,create suitable software architectures
1215,building successful relationships
1216,Provide technical leadership
1217,skills with good interpersonal skills
1218,approaches to enterprise architects
1219,facing digital applications space
1220,describe non-functional requirements
1221,execute on digital transformation strategies
1222,supports reusable application components
1223,consumer facing solutions
1224,service oriented attitude
1225,decision making skills
1226,experience building consumer
1227,date on cutting edge technologies
1228,strategy supporting Safeway
1229,ensure comprehensive cloud capabilities
1230,support various cloud native
1231,leveraged across business
1232,set clear objectives
1233,leading technical project teams
1234,specializes in cloud solution design
1235,delivering with excellence
1236,adopting new technology
1237,offered on cloud platforms
1238,specializes in cloud solution
1239,developed with input
1240,deliver innovative business outcomes
1241,partnering with business
1242,building organizational partnerships
1243,focused on technology
1244,experience setting project vision
1245,delivery of managed IT services
1246,Experience leading delivery
1247,business by transforming IT finance
1248,solutions follow established security
1249,contributing to cloud
1250,Identify new tools
1251,Provide technical leadership
1252,Lead technical discussions
1253,focus on delivery
1254,automate everyday developer
1255,spend through automation
1256,Build new automation
1257,share new ideas
1258,bring fresh perspective
1259,collaborate on projects
1260,designed for impact
1261,based on client requirements
1262,work within constructs
1263,environments using Azure
1264,standing up cloud solution environments
1265,plans for system
1266,document technical designs
1267,brings fresh perspective
1268,designed for impact
1269,consists of engineers
1270,standing up cloud solution
1271,cloud computing infrastructure
1272,clients anticipate disruption
1273,communicate meaningful information
1274,recommending specific technologies
1275,suspended until further notice
1276,delivering with excellence
1277,Work with software architects
1278,communicating complex technical concepts
1279,implemented in accordance
1280,partnering with architects
1281,defining technical solutions
1282,focusing on high volume
1283,focused on technology
1284,services including relational
1285,practices by conducting POCs
1286,portfolio includes web
1287,experience using industry
1288,skills including workflows
1289,environments including application dependencies
1290,energy trusted advisor
1291,mentor junior staff
1292,works with clients
1293,ensure high quality delivery
1294,utilizing current vendor solution capabilities
1295,utilizing current vendor solution
1296,manage multiple task assignments
1297,managing large technology engagements
1298,exercise mature judgment
1299,shift from foundational delivery
1300,collaborating with CIOs
1301,providing best practice
1302,suspended until further notice
1303,part of integrated solution
1304,specialists help organizations
1305,clients drive alignment
1306,Experience managing teams
1307,Demonstrated strong analytical acumen
1308,delivering high quality software
1309,ensure successful technical project delivery
1310,communicate complex ideas
1311,Apply strategic thinking
1312,Provide specialized expertise
1313,Support technical escalations
1314,resolve technical issues
1315,accommodate special meeting requests
1316,providing best practices
1317,coaching junior teammates
1318,protected by law
1319,vaccinated against COVID-19
1320,thought with action
1321,provide technical leadership
1322,participate in certain work
1323,have strong advisory
1324,understand technical requirements
1325,work with great people
1326,troubleshoot technical issues
1327,adapt to new skills
1328,engender effective contribution
1329,learn new things
1330,troubleshooting with software applications
1331,has several safety protocols
1332,working on multiple projects
1333,has several safety protocols
1334,exploring new technologies
1335,vaccinated against COVID-19
1336,communicate with senior executives
1337,participate in certain work
1338,collaborate in domain
1339,build new capabilities
1340,protected by law
1341,invest in strategic modernization
1342,engage with vendors
1343,work with great people
1344,hone current skills
1345,experience delivering solutions
1346,scale distributed systems principles
1347,identify right technologies
1348,required by law
1349,Familiar with integrations
1350,limited to skill sets
1351,takes into account
1352,looking for talented individuals
1353,based on client
1354,drive profitable revenue
1355,manage multiple pursuits
1356,figure out scalable solutions
1357,roadmap of existing enterprise platforms
1358,enabling new features
1359,providing technical solution architecture
1360,building large scale application
1361,building large scale application deployments
1362,support expansive advancement
1363,Work with enterprise
1364,participate in certain work
1365,supported by flexible benefits
1366,Paid parental leave
1367,protected by law
1368,working with multiple integrations type
1369,vary by region
1370,optimizing strategic solutions
1371,has several safety protocols
1372,vaccinated against COVID-19
1373,Provide technical mentoring
1374,experience in developing APIs
1375,communicate meaningful information
1376,recommending specific technologies
1377,suspended until further notice
1378,delivering with excellence
1379,communicating complex technical concepts
1380,implemented in accordance
1381,partnering with architects
1382,defining technical solutions
1383,focusing on high volume
1384,focused on technology
1385,services including relational
1386,skills including workflows
1387,energy trusted advisor
1388,experience using industry
1389,Jump into incidents
1390,meet mutual goals
1391,creating Connected Car platform
1392,arrive at consensus
1393,influence technical teams
1394,ensures essential artifacts
1395,drill down into technical specifics
1396,update with respect
1397,create essential architectural artifacts
1398,work with business
1399,acquire full responsibilities
1400,reviewed with stakeholders
1401,creating Connected Car platform architecture
1402,system with cutting edge technologies
1403,cloud based application architectures
1404,initiatives involving Internet
1405,systems using Apache Hadoop
1406,have valid work authorization
1407,unleashing human energy
1408,consider reasonable accommodations
1409,recruit more women
1410,Work with business partners
1411,build diverse teams
1412,partnering with companies
1413,protected by law
1414,working with talented individuals
1415,future require sponsorship
1416,adherence to defined development life
1417,adherence to defined development life cycle
1418,Participate in project planning
1419,related to data systems
1420,Drive operational efficiency
1421,liaise with key business partners
1422,ranging from systems designers
1423,exercise mature judgment
1424,share new ideas
1425,suspended until further notice
1426,Experience defining data governance
1427,ecosystems including data management
1428,insights leveraging cloud
1429,experience in configuring entity base
1430,experience in configuring entity base objects
1431,Experience defining data governance stewardship
1432,profiles using hierarchy tool
1433,implementations including master data
1434,Participate in project planning
1435,related to data systems
1436,Drive operational efficiency
1437,liaise with key business partners
1438,ranging from systems designers
1439,exercise mature judgment
1440,share new ideas
1441,suspended until further notice
1442,Experience defining data governance
1443,ecosystems including data management
1444,insights leveraging cloud
1445,experience in configuring entity base
1446,experience in configuring entity base objects
1447,Experience defining data governance stewardship
1448,profiles using hierarchy tool
1449,implementations including master data
1450,build analytical acumen
1451,manage large disparate data sets
1452,address critical business
1453,conduct sophisticated data analysis
1454,identify critical issues
1455,share best practices
1456,working with health care
1457,Collaborate with key leaders
1458,experience using SAS
1459,build analytical acumen
1460,manage large disparate data sets
1461,address critical business
1462,conduct sophisticated data analysis
1463,identify critical issues
1464,share best practices
1465,working with health care
1466,Collaborate with key leaders
1467,experience using SAS
1468,translate into requirements
1469,powering smart cities
1470,create new data resources
1471,deliver relevant insights
1472,look for growth
1473,related advanced degree
1474,Starting with raw data
1475,creating meaningful moments
1476,permitted by applicable law
1477,protected by law
1478,expanding into new spaces
1479,associated with unsolicited resumes
1480,celebrate diverse products
1481,encouraging top talent
1482,communicate advanced analytics artifacts
1483,vaccinated against COVID-19
1484,Participate in building
1485,team delivering insights
1486,experience in related field
1487,passion for solving problems
1488,languages including SQL
1489,look for people
1490,recommend new ways
1491,unlock new business value
1492,collaborate with product owners
1493,challenge historical assumptions
1494,deliver outstanding results
1495,define technical problem statement
1496,connect external data sets
1497,identify questionable data
1498,explore new perspectives
1499,build next generation
1500,reimagine new possibilities
1501,Develop novel ways
1502,test new sources
1503,based on data
1504,data driven recommendations
1505,data driven decision making
1506,data driven insights
1507,partners achieve objectives
1508,tap into valuable health care data
1509,understood by internal business partners
1510,needs around analytics
1511,Collaborate with team members
1512,Use appropriate sampling
1513,Seek out new data sources
1514,develop predictive models
1515,working on projects
1516,look at problems
1517,pay for care
1518,enable unprecedented collaboration
1519,used for analysis
1520,working on high performance teams
1521,go in order
1522,offer flexible work arrangements
1523,uncover new ways
1524,protected by law
1525,tap into valuable health care
1526,problems using machine learning
1527,partnerships provide technology
1528,machine learning techniques
1529,limited to education
1530,originating from multiple sources
1531,pursuing new ways
1532,based on several factors
1533,build scalable machine learning applications
1534,working on high performance teams
1535,go in order
1536,conducting advanced analytics projects
1537,presenting technical results
1538,executing on data science
1539,uncover new ways
1540,have strong prioritization skills
1541,lead healthier lives
1542,paid critical illness
1543,protected by law
1544,leveraging best practices
1545,build scalable machine learning
1546,source distributed data processing frameworks
1547,test before beginning employment
1548,challenges of extracting insights
1549,source distributed data processing
1550,Drive operational efficiency
1551,enable key mission outcomes
1552,developing advanced analytics products
1553,brings deep industry expertise
1554,architecting organizational intelligence programs
1555,support advanced analytics
1556,Prior professional services
1557,suspended until further notice
1558,ecosystems including data management
1559,insights leveraging cloud
1560,portfolio helps clients
1561,tap into valuable health care data
1562,uncovered in data
1563,monitor non-standard claim patterns
1564,live healthier lives
1565,exploring analytic results
1566,leading international health insurer
1567,pay for care
1568,enable unprecedented collaboration
1569,working on high performance teams
1570,go in order
1571,offer flexible work arrangements
1572,uncover new ways
1573,protected by law
1574,interpret complex data
1575,tap into valuable health care
1576,Experience developing machine learning models
1577,mission of helping people
1578,partnerships provide technology
1579,Experience developing machine learning
1580,Make strategic recommendations
1581,looking for innovative individuals
1582,participate in pre-employment testing
1583,validate advanced analytic models
1584,utilizing predictive modeling techniques
1585,Work on complex problems
1586,produce advanced analytic solutions
1587,recognized by others
1588,building predictive models
1589,building different types
1590,provide meaningful business value
1591,implements creative solutions
1592,generalized linear models
1593,go right
1594,initiate technical standards
1595,teams have autonomy
1596,data set development
1597,data requires evaluation
1598,members on scoping solutions
1599,tree based algorithms
1600,Make strategic recommendations
1601,looking for innovative individuals
1602,participate in pre-employment testing
1603,validate advanced analytic models
1604,utilizing predictive modeling techniques
1605,Work on complex problems
1606,produce advanced analytic solutions
1607,recognized by others
1608,building predictive models
1609,building different types
1610,provide meaningful business value
1611,implements creative solutions
1612,generalized linear models
1613,go right
1614,initiate technical standards
1615,teams have autonomy
1616,data set development
1617,data requires evaluation
1618,members on scoping solutions
1619,tree based algorithms
1620,Make strategic recommendations
1621,looking for innovative individuals
1622,participate in pre-employment testing
1623,validate advanced analytic models
1624,utilizing predictive modeling techniques
1625,Work on complex problems
1626,produce advanced analytic solutions
1627,recognized by others
1628,building predictive models
1629,building different types
1630,provide meaningful business value
1631,implements creative solutions
1632,generalized linear models
1633,go right
1634,initiate technical standards
1635,teams have autonomy
1636,data set development
1637,data requires evaluation
1638,members on scoping solutions
1639,tree based algorithms
1640,Make strategic recommendations
1641,looking for innovative individuals
1642,participate in pre-employment testing
1643,validate advanced analytic models
1644,utilizing predictive modeling techniques
1645,Work on complex problems
1646,produce advanced analytic solutions
1647,recognized by others
1648,building predictive models
1649,building different types
1650,provide meaningful business value
1651,implements creative solutions
1652,generalized linear models
1653,go right
1654,initiate technical standards
1655,teams have autonomy
1656,data set development
1657,data requires evaluation
1658,members on scoping solutions
1659,tree based algorithms
1660,participates in E
1661,working with small user communities
1662,provide equal employment opportunities
1663,place qualified individuals
1664,employ qualified individuals
1665,taking affirmative action
1666,advance in employment
1667,contributing to product codebases
1668,meet eligibility requirements
1669,leveraging various browsers
1670,associated with user communities
1671,employment qualified individuals
1672,tools implementing data privacy
1673,reviews of proposed features
1674,tools implementing data privacy standards
1675,Drive operational efficiency
1676,architecting organizational intelligence programs
1677,build analytical models
1678,Perform technical risk analysis
1679,performing exploratory data analysis
1680,support predictive assessments
1681,define analytical models
1682,share new ideas
1683,experience in developing algorithms
1684,algorithms using data science
1685,ecosystems including data management
1686,insights leveraging cloud
1687,algorithms using data science technologies
1688,years of consulting experience
1689,portfolio helps clients
1690,Experience conducting Modeling
1691,Drive operational efficiency
1692,architecting organizational intelligence programs
1693,build analytical models
1694,looking for new ways
1695,Perform technical risk analysis
1696,performing exploratory data analysis
1697,make daily choices
1698,support predictive assessments
1699,define analytical models
1700,share new ideas
1701,experience in developing algorithms
1702,algorithms using data science
1703,ecosystems including data management
1704,insights leveraging cloud
1705,algorithms using data science technologies
1706,portfolio helps clients
1707,manipulation using scripts
1708,Experience conducting Modeling
1709,applying appropriate algorithms
1710,go beyond standard industry tools
1711,working with cross-functional project teams
1712,processing massive data
1713,related to quality
1714,working with data
1715,using statistical causal inference techniques
1716,Work For
1717,approach different data challenges
1718,address specific business problems
1719,related Quantitative disciplines
1720,have advanced expertise
1721,using statistical causal inference
1722,develop actionable plans
1723,determined by consultation
1724,considers cultural competency
1725,creating greater access
1726,implementation including training
1727,communications including in
1728,streams in distributed computing environments
1729,Experience with presenting project output
1730,sets of varying degrees
1731,applying appropriate algorithms
1732,go beyond standard industry tools
1733,working with cross-functional project teams
1734,processing massive data
1735,related to quality
1736,working with data
1737,using statistical causal inference techniques
1738,Work For
1739,approach different data challenges
1740,address specific business problems
1741,related Quantitative disciplines
1742,have advanced expertise
1743,using statistical causal inference
1744,develop actionable plans
1745,determined by consultation
1746,considers cultural competency
1747,creating greater access
1748,implementation including training
1749,communications including in
1750,streams in distributed computing environments
1751,Experience with presenting project output
1752,sets of varying degrees
1753,applying appropriate algorithms
1754,go beyond standard industry tools
1755,working with cross-functional project teams
1756,processing massive data
1757,related to quality
1758,working with data
1759,using statistical causal inference techniques
1760,Work For
1761,approach different data challenges
1762,address specific business problems
1763,related Quantitative disciplines
1764,have advanced expertise
1765,using statistical causal inference
1766,develop actionable plans
1767,determined by consultation
1768,considers cultural competency
1769,creating greater access
1770,implementation including training
1771,communications including in
1772,streams in distributed computing environments
1773,Experience with presenting project output
1774,sets of varying degrees
1775,work on distributed deep learning
1776,identify appropriate technical solutions
1777,communicate with non-technical audiences
1778,Come up with fundamental technical ideas
1779,maintained in production
1780,contributing to computer vision
1781,Provide expert level knowledge
1782,protected by law
1783,work on scaling
1784,learning through interactions
1785,making deep neural networks
1786,automate deep learning
1787,REST based Micro-Services
1788,REST based Micro-Services Software
1789,REST based Micro-
1790,maintaining strong partnerships
1791,consult with business stakeholders
1792,make valuable discoveries
1793,Work with analytics
1794,offer flexible work arrangements
1795,developing analytical solutions
1796,result in optimal value extraction
1797,tap into valuable health care data
1798,solve complex technical problems
1799,Collaborate with lines
1800,go in order
1801,protected by law
1802,leading large scale
1803,tap into valuable health care
1804,work with healthcare data
1805,incorporated into analytic approaches
1806,pay for care
1807,working on high performance teams
1808,applying deep learning methods
1809,enable unprecedented collaboration
1810,uncover new ways
1811,experience using programming
1812,experience accessing data
1813,scale distributed computing environments
1814,partnerships provide technology
1815,problems using TensorFlow
1816,build analytical acumen
1817,manage large disparate data sets
1818,address critical business
1819,conduct sophisticated data analysis
1820,identify critical issues
1821,share best practices
1822,working with health care
1823,Collaborate with key leaders
1824,experience using SAS
1825,build analytical acumen
1826,manage large disparate data sets
1827,address critical business
1828,conduct sophisticated data analysis
1829,identify critical issues
1830,share best practices
1831,working with health care
1832,Collaborate with key leaders
1833,experience using SAS
1834,translate into requirements
1835,powering smart cities
1836,create new data resources
1837,deliver relevant insights
1838,look for growth
1839,related advanced degree
1840,Starting with raw data
1841,creating meaningful moments
1842,permitted by applicable law
1843,protected by law
1844,expanding into new spaces
1845,associated with unsolicited resumes
1846,celebrate diverse products
1847,encouraging top talent
1848,communicate advanced analytics artifacts
1849,vaccinated against COVID-19
1850,Participate in building
1851,team delivering insights
1852,experience in related field
1853,passion for solving problems
1854,languages including SQL
1855,look for people
1856,recommend new ways
1857,unlock new business value
1858,collaborate with product owners
1859,challenge historical assumptions
1860,deliver outstanding results
1861,define technical problem statement
1862,connect external data sets
1863,identify questionable data
1864,explore new perspectives
1865,build next generation
1866,reimagine new possibilities
1867,Develop novel ways
1868,test new sources
1869,based on data
1870,data driven recommendations
1871,data driven decision making
1872,data driven insights
1873,partners achieve objectives
1874,tap into valuable health care data
1875,understood by internal business partners
1876,needs around analytics
1877,Collaborate with team members
1878,Use appropriate sampling
1879,Seek out new data sources
1880,develop predictive models
1881,working on projects
1882,look at problems
1883,pay for care
1884,enable unprecedented collaboration
1885,used for analysis
1886,working on high performance teams
1887,go in order
1888,offer flexible work arrangements
1889,uncover new ways
1890,protected by law
1891,tap into valuable health care
1892,problems using machine learning
1893,partnerships provide technology
1894,machine learning techniques
1895,limited to education
1896,originating from multiple sources
1897,pursuing new ways
1898,based on several factors
1899,build scalable machine learning applications
1900,working on high performance teams
1901,go in order
1902,conducting advanced analytics projects
1903,presenting technical results
1904,executing on data science
1905,uncover new ways
1906,have strong prioritization skills
1907,lead healthier lives
1908,paid critical illness
1909,protected by law
1910,leveraging best practices
1911,build scalable machine learning
1912,source distributed data processing frameworks
1913,test before beginning employment
1914,challenges of extracting insights
1915,source distributed data processing
1916,Drive operational efficiency
1917,enable key mission outcomes
1918,developing advanced analytics products
1919,brings deep industry expertise
1920,architecting organizational intelligence programs
1921,support advanced analytics
1922,Prior professional services
1923,suspended until further notice
1924,ecosystems including data management
1925,insights leveraging cloud
1926,portfolio helps clients
1927,tap into valuable health care data
1928,uncovered in data
1929,monitor non-standard claim patterns
1930,live healthier lives
1931,exploring analytic results
1932,leading international health insurer
1933,pay for care
1934,enable unprecedented collaboration
1935,working on high performance teams
1936,go in order
1937,offer flexible work arrangements
1938,uncover new ways
1939,protected by law
1940,interpret complex data
1941,tap into valuable health care
1942,Experience developing machine learning models
1943,mission of helping people
1944,partnerships provide technology
1945,Experience developing machine learning
1946,Make strategic recommendations
1947,looking for innovative individuals
1948,participate in pre-employment testing
1949,validate advanced analytic models
1950,utilizing predictive modeling techniques
1951,Work on complex problems
1952,produce advanced analytic solutions
1953,recognized by others
1954,building predictive models
1955,building different types
1956,provide meaningful business value
1957,implements creative solutions
1958,generalized linear models
1959,go right
1960,initiate technical standards
1961,teams have autonomy
1962,data set development
1963,data requires evaluation
1964,members on scoping solutions
1965,tree based algorithms
1966,Make strategic recommendations
1967,looking for innovative individuals
1968,participate in pre-employment testing
1969,validate advanced analytic models
1970,utilizing predictive modeling techniques
1971,Work on complex problems
1972,produce advanced analytic solutions
1973,recognized by others
1974,building predictive models
1975,building different types
1976,provide meaningful business value
1977,implements creative solutions
1978,generalized linear models
1979,go right
1980,initiate technical standards
1981,teams have autonomy
1982,data set development
1983,data requires evaluation
1984,members on scoping solutions
1985,tree based algorithms
1986,Make strategic recommendations
1987,looking for innovative individuals
1988,participate in pre-employment testing
1989,validate advanced analytic models
1990,utilizing predictive modeling techniques
1991,Work on complex problems
1992,produce advanced analytic solutions
1993,recognized by others
1994,building predictive models
1995,building different types
1996,provide meaningful business value
1997,implements creative solutions
1998,generalized linear models
1999,go right
2000,initiate technical standards
2001,teams have autonomy
2002,data set development
2003,data requires evaluation
2004,members on scoping solutions
2005,tree based algorithms
2006,Make strategic recommendations
2007,looking for innovative individuals
2008,participate in pre-employment testing
2009,validate advanced analytic models
2010,utilizing predictive modeling techniques
2011,Work on complex problems
2012,produce advanced analytic solutions
2013,recognized by others
2014,building predictive models
2015,building different types
2016,provide meaningful business value
2017,implements creative solutions
2018,generalized linear models
2019,go right
2020,initiate technical standards
2021,teams have autonomy
2022,data set development
2023,data requires evaluation
2024,members on scoping solutions
2025,tree based algorithms
2026,participates in E
2027,working with small user communities
2028,provide equal employment opportunities
2029,place qualified individuals
2030,employ qualified individuals
2031,taking affirmative action
2032,advance in employment
2033,contributing to product codebases
2034,meet eligibility requirements
2035,leveraging various browsers
2036,associated with user communities
2037,employment qualified individuals
2038,tools implementing data privacy
2039,reviews of proposed features
2040,tools implementing data privacy standards
2041,Drive operational efficiency
2042,architecting organizational intelligence programs
2043,build analytical models
2044,Perform technical risk analysis
2045,performing exploratory data analysis
2046,support predictive assessments
2047,define analytical models
2048,share new ideas
2049,experience in developing algorithms
2050,algorithms using data science
2051,ecosystems including data management
2052,insights leveraging cloud
2053,algorithms using data science technologies
2054,years of consulting experience
2055,portfolio helps clients
2056,Experience conducting Modeling
2057,Drive operational efficiency
2058,architecting organizational intelligence programs
2059,build analytical models
2060,looking for new ways
2061,Perform technical risk analysis
2062,performing exploratory data analysis
2063,make daily choices
2064,support predictive assessments
2065,define analytical models
2066,share new ideas
2067,experience in developing algorithms
2068,algorithms using data science
2069,ecosystems including data management
2070,insights leveraging cloud
2071,algorithms using data science technologies
2072,portfolio helps clients
2073,manipulation using scripts
2074,Experience conducting Modeling
2075,applying appropriate algorithms
2076,go beyond standard industry tools
2077,working with cross-functional project teams
2078,processing massive data
2079,related to quality
2080,working with data
2081,using statistical causal inference techniques
2082,Work For
2083,approach different data challenges
2084,address specific business problems
2085,related Quantitative disciplines
2086,have advanced expertise
2087,using statistical causal inference
2088,develop actionable plans
2089,determined by consultation
2090,considers cultural competency
2091,creating greater access
2092,implementation including training
2093,communications including in
2094,streams in distributed computing environments
2095,Experience with presenting project output
2096,sets of varying degrees
2097,applying appropriate algorithms
2098,go beyond standard industry tools
2099,working with cross-functional project teams
2100,processing massive data
2101,related to quality
2102,working with data
2103,using statistical causal inference techniques
2104,Work For
2105,approach different data challenges
2106,address specific business problems
2107,related Quantitative disciplines
2108,have advanced expertise
2109,using statistical causal inference
2110,develop actionable plans
2111,determined by consultation
2112,considers cultural competency
2113,creating greater access
2114,implementation including training
2115,communications including in
2116,streams in distributed computing environments
2117,Experience with presenting project output
2118,sets of varying degrees
2119,applying appropriate algorithms
2120,go beyond standard industry tools
2121,working with cross-functional project teams
2122,processing massive data
2123,related to quality
2124,working with data
2125,using statistical causal inference techniques
2126,Work For
2127,approach different data challenges
2128,address specific business problems
2129,related Quantitative disciplines
2130,have advanced expertise
2131,using statistical causal inference
2132,develop actionable plans
2133,determined by consultation
2134,considers cultural competency
2135,creating greater access
2136,implementation including training
2137,communications including in
2138,streams in distributed computing environments
2139,Experience with presenting project output
2140,sets of varying degrees
2141,work on distributed deep learning
2142,identify appropriate technical solutions
2143,communicate with non-technical audiences
2144,Come up with fundamental technical ideas
2145,maintained in production
2146,contributing to computer vision
2147,Provide expert level knowledge
2148,protected by law
2149,work on scaling
2150,learning through interactions
2151,making deep neural networks
2152,automate deep learning
2153,REST based Micro-Services
2154,REST based Micro-Services Software
2155,REST based Micro-
2156,maintaining strong partnerships
2157,consult with business stakeholders
2158,make valuable discoveries
2159,Work with analytics
2160,offer flexible work arrangements
2161,developing analytical solutions
2162,result in optimal value extraction
2163,tap into valuable health care data
2164,solve complex technical problems
2165,Collaborate with lines
2166,go in order
2167,protected by law
2168,leading large scale
2169,tap into valuable health care
2170,work with healthcare data
2171,incorporated into analytic approaches
2172,pay for care
2173,working on high performance teams
2174,applying deep learning methods
2175,enable unprecedented collaboration
2176,uncover new ways
2177,experience using programming
2178,experience accessing data
2179,scale distributed computing environments
2180,partnerships provide technology
2181,problems using TensorFlow
